-- phpMyAdmin SQL Dump
-- version 4.6.5.2
-- https://www.phpmyadmin.net/
--
-- Host: 127.0.0.1
-- Generation Time: 08-Jan-2018 às 18:34
-- Versão do servidor: 10.1.21-MariaDB
-- PHP Version: 7.0.15

SET SQL_MODE = "NO_AUTO_VALUE_ON_ZERO";
SET time_zone = "+00:00";


/*!40101 SET @OLD_CHARACTER_SET_CLIENT=@@CHARACTER_SET_CLIENT */;
/*!40101 SET @OLD_CHARACTER_SET_RESULTS=@@CHARACTER_SET_RESULTS */;
/*!40101 SET @OLD_COLLATION_CONNECTION=@@COLLATION_CONNECTION */;
/*!40101 SET NAMES utf8mb4 */;

--
-- Database: `editora`
--

-- --------------------------------------------------------

--
-- Estrutura da tabela `autor`
--

CREATE TABLE `autor` (
  `id_autor` int(11) NOT NULL,
  `fk_id_usuario` int(11) NOT NULL
) ENGINE=InnoDB DEFAULT CHARSET=latin1;

-- --------------------------------------------------------

--
-- Estrutura da tabela `avaliador`
--

CREATE TABLE `avaliador` (
  `id_avaliador` int(11) NOT NULL,
  `fk_id_usuario` int(11) NOT NULL
) ENGINE=InnoDB DEFAULT CHARSET=latin1;

-- --------------------------------------------------------

--
-- Estrutura da tabela `categoria`
--

CREATE TABLE `categoria` (
  `id_categoria` int(11) NOT NULL,
  `nome_categoria` varchar(50) DEFAULT NULL,
  `descricao_categoria` varchar(200) DEFAULT NULL
) ENGINE=InnoDB DEFAULT CHARSET=latin1;

--
-- Extraindo dados da tabela `categoria`
--

INSERT INTO `categoria` (`id_categoria`, `nome_categoria`, `descricao_categoria`) VALUES
(12, 'Meio Ambiente', 'Todos os livros e artigos voltado para Área de meio Ambiente devem ser submetidos nesta categoria.()'),
(15, 'dagadá', 'dagadá'),
(29, 'dagao', 'vishgkrekgrt');

-- --------------------------------------------------------

--
-- Estrutura da tabela `ci_sessions`
--

CREATE TABLE `ci_sessions` (
  `id` varchar(40) NOT NULL,
  `ip_address` varchar(45) NOT NULL,
  `timestamp` int(10) UNSIGNED NOT NULL DEFAULT '0',
  `data` blob NOT NULL
) ENGINE=InnoDB DEFAULT CHARSET=latin1;

--
-- Extraindo dados da tabela `ci_sessions`
--

INSERT INTO `ci_sessions` (`id`, `ip_address`, `timestamp`, `data`) VALUES
('u6ce03c9onv6cp2hr16muda2gkunu56e', '::1', 1513039319, 0x5f5f63695f6c6173745f726567656e65726174657c693a313531333033393135333b),
('in2vo112knkt4o687oa455hc2vc988fb', '::1', 1513037277, 0x5f5f63695f6c6173745f726567656e65726174657c693a313531333033373237373b6c6f6761646f7c623a313b706170656c7c733a373a22476572656e7465223b7573756172696f7c733a313a2232223b),
('ml592bhqdnn9tdo6ehlqg3j4s9em2g9j', '::1', 1513037869, 0x5f5f63695f6c6173745f726567656e65726174657c693a313531333033373732383b),
('gkijs7lpma3fb0t08s7sgd4ohln26k0p', '::1', 1513037876, 0x5f5f63695f6c6173745f726567656e65726174657c693a313531333033373732383b),
('9e4lq000t2en2sl1d68kc6gn85ur3scb', '::1', 1513039234, 0x5f5f63695f6c6173745f726567656e65726174657c693a313531333033393135333b6c6f6761646f7c623a313b706170656c7c733a373a22476572656e7465223b7573756172696f7c733a313a2232223b),
('di6jp2lucbluqia4c7p6qd67e2ujfkuv', '::1', 1513041560, 0x5f5f63695f6c6173745f726567656e65726174657c693a313531333034313536303b6c6f6761646f7c623a313b706170656c7c733a373a22476572656e7465223b7573756172696f7c733a313a2232223b),
('g7h54sfjsj609u5lfrl68lpatkoeai2f', '::1', 1513041053, 0x5f5f63695f6c6173745f726567656e65726174657c693a313531333034313035333b6c6f6761646f7c623a313b706170656c7c733a373a22476572656e7465223b7573756172696f7c733a313a2232223b),
('75nqrjt20cdikcjptj7tkh25oefodamg', '::1', 1513040828, 0x5f5f63695f6c6173745f726567656e65726174657c693a313531333034303630353b6c6f6761646f7c623a313b706170656c7c733a373a22476572656e7465223b7573756172696f7c733a313a2232223b),
('k7uqoa1kpqkh5evpp002g6g5bnmioikt', '::1', 1513043146, 0x5f5f63695f6c6173745f726567656e65726174657c693a313531333034323935303b6c6f6761646f7c623a313b706170656c7c733a373a22476572656e7465223b7573756172696f7c733a313a2232223b),
('7kkg1h6t03a7gqler26hiqfg8jlmbk71', '::1', 1513041427, 0x5f5f63695f6c6173745f726567656e65726174657c693a313531333034313432373b6c6f6761646f7c623a313b706170656c7c733a373a22476572656e7465223b7573756172696f7c733a313a2232223b),
('q853qrfce0ddk04jg3mssf8f61dqe42r', '::1', 1513042437, 0x5f5f63695f6c6173745f726567656e65726174657c693a313531333034323433373b6c6f6761646f7c623a313b706170656c7c733a373a22476572656e7465223b7573756172696f7c733a313a2232223b),
('g6pvle7l42o9p6leqg4d54qosnnlrolq', '::1', 1513041564, 0x5f5f63695f6c6173745f726567656e65726174657c693a313531333034313536303b6c6f6761646f7c623a313b706170656c7c733a373a22476572656e7465223b7573756172696f7c733a313a2232223b),
('djegoc20cpua0cjb6am9297f2hr9bquf', '::1', 1513042415, 0x5f5f63695f6c6173745f726567656e65726174657c693a313531333034323431353b6c6f6761646f7c623a313b706170656c7c733a373a22476572656e7465223b7573756172696f7c733a313a2232223b),
('3h46rncn54pupfmuq7q6761u1o77ig38', '::1', 1513043679, 0x5f5f63695f6c6173745f726567656e65726174657c693a313531333034333637393b6c6f6761646f7c623a313b706170656c7c733a373a22476572656e7465223b7573756172696f7c733a313a2232223b),
('t6nhvk5dbu1dk7ft5fpocb6dbfgkc34j', '::1', 1513042887, 0x5f5f63695f6c6173745f726567656e65726174657c693a313531333034323838373b6c6f6761646f7c623a313b706170656c7c733a373a22476572656e7465223b7573756172696f7c733a313a2232223b),
('dtvaa19vm8868rt1gsr8acund3p6l91p', '::1', 1513043220, 0x5f5f63695f6c6173745f726567656e65726174657c693a313531333034333232303b6c6f6761646f7c623a313b706170656c7c733a373a22476572656e7465223b7573756172696f7c733a313a2232223b),
('q7cul3kg1lndnfhgsebl76ggsij6fpcb', '::1', 1513042950, 0x5f5f63695f6c6173745f726567656e65726174657c693a313531333034323935303b6c6f6761646f7c623a313b706170656c7c733a373a22476572656e7465223b7573756172696f7c733a313a2232223b),
('6m53pqk1ufjd8cbb070lb10vdmgvgrdl', '::1', 1513043269, 0x5f5f63695f6c6173745f726567656e65726174657c693a313531333034333232303b6c6f6761646f7c623a313b706170656c7c733a373a22476572656e7465223b7573756172696f7c733a313a2232223b),
('e3l55736s0dlbo1mg988gc4tcl9klmb0', '::1', 1513044511, 0x5f5f63695f6c6173745f726567656e65726174657c693a313531333034343437393b6c6f6761646f7c623a313b706170656c7c733a373a22476572656e7465223b7573756172696f7c733a313a2232223b),
('iacqpmoql9nfjfd969i8eato7ceris9b', '::1', 1513044398, 0x5f5f63695f6c6173745f726567656e65726174657c693a313531333034343339383b6c6f6761646f7c623a313b706170656c7c733a373a22476572656e7465223b7573756172696f7c733a313a2232223b),
('ctsbsd3dkqje9p1mgsod316cptupn5e5', '::1', 1513044493, 0x5f5f63695f6c6173745f726567656e65726174657c693a313531333034343339383b6c6f6761646f7c623a313b706170656c7c733a373a22476572656e7465223b7573756172696f7c733a313a2232223b),
('66eeme3s226emj6ienlo9qsdjccj9uhd', '::1', 1513044511, 0x5f5f63695f6c6173745f726567656e65726174657c693a313531333034343437393b),
('o1bfakohh5t01qpepau7usv5d8c35dn7', '::1', 1513538146, 0x5f5f63695f6c6173745f726567656e65726174657c693a313531333533383134363b),
('ccjk0aq25sctsr613i6a59ngdlfjbgf6', '::1', 1513538998, 0x5f5f63695f6c6173745f726567656e65726174657c693a313531333533383939383b6c6f6761646f7c623a313b706170656c7c733a353a224175746f72223b7573756172696f7c733a313a2233223b),
('pndsbermvk5p075f9da8giafpma6oe6s', '::1', 1513539369, 0x5f5f63695f6c6173745f726567656e65726174657c693a313531333533393336393b6c6f6761646f7c623a313b706170656c7c733a353a224175746f72223b7573756172696f7c733a313a2233223b),
('itg8a94a0dlkudsgbkqirsmb11fkh0ka', '::1', 1513539014, 0x5f5f63695f6c6173745f726567656e65726174657c693a313531333533393031343b6c6f6761646f7c623a313b706170656c7c733a353a224175746f72223b7573756172696f7c733a313a2233223b),
('3gm1ooqe49psbtlfmsqr67s0ob3idjso', '::1', 1513540138, 0x5f5f63695f6c6173745f726567656e65726174657c693a313531333533393933353b6c6f6761646f7c623a313b706170656c7c733a353a224175746f72223b7573756172696f7c733a313a2233223b),
('a7onauq5m8lqmsje1fjh8u891ghemt8s', '::1', 1513539449, 0x5f5f63695f6c6173745f726567656e65726174657c693a313531333533393434393b6c6f6761646f7c623a313b706170656c7c733a353a224175746f72223b7573756172696f7c733a313a2233223b),
('bgg6qmh8l97aj3efe2li9f5v9obrk8hb', '::1', 1513541195, 0x5f5f63695f6c6173745f726567656e65726174657c693a313531333534313139353b),
('4htbqp4bkm24pm5m19obtsc92m6akt6h', '::1', 1513543124, 0x5f5f63695f6c6173745f726567656e65726174657c693a313531333534333132343b),
('936hq3bjso41dnkfl85kdobl75lf1rt9', '::1', 1513545486, 0x5f5f63695f6c6173745f726567656e65726174657c693a313531333534353337323b),
('ihd0fcb0ar8ll00romrelpte2sslen9r', '::1', 1513545485, 0x5f5f63695f6c6173745f726567656e65726174657c693a313531333534353337323b6c6f6761646f7c623a313b706170656c7c733a353a224175746f72223b7573756172696f7c733a313a2233223b),
('guqjimaq89h7m1dfe0c59bu4hv4p71nk', '::1', 1513547269, 0x5f5f63695f6c6173745f726567656e65726174657c693a313531333534373231363b),
('sakl1dkle7v9k4idam9meojckdcrqqoc', '::1', 1513546843, 0x5f5f63695f6c6173745f726567656e65726174657c693a313531333534363834333b),
('8tns66gm0otrrgm4o6g5flmpftuc8us8', '::1', 1513547269, 0x5f5f63695f6c6173745f726567656e65726174657c693a313531333534373231363b6c6f6761646f7c623a313b706170656c7c733a373a22476572656e7465223b7573756172696f7c733a313a2232223b),
('hnmf4tfrg9vvolmlgkuc5d6bfjsmuat5', '::1', 1513547873, 0x5f5f63695f6c6173745f726567656e65726174657c693a313531333534373837333b),
('o9uto4vb3ls0ilddc9ve7nqe0ctbl4jv', '::1', 1513548789, 0x5f5f63695f6c6173745f726567656e65726174657c693a313531333534383738393b6c6f6761646f7c623a313b706170656c7c733a373a22476572656e7465223b7573756172696f7c733a313a2232223b),
('m5nr0apqlk3k88cc1ld7vtgvmdplec9b', '::1', 1513549868, 0x5f5f63695f6c6173745f726567656e65726174657c693a313531333534393836383b6c6f6761646f7c623a313b706170656c7c733a373a22476572656e7465223b7573756172696f7c733a313a2232223b),
('f72j3jit6bmtrdmgcm628oh59psb2cbb', '::1', 1513549185, 0x5f5f63695f6c6173745f726567656e65726174657c693a313531333534393138353b6c6f6761646f7c623a313b706170656c7c733a373a22476572656e7465223b7573756172696f7c733a313a2232223b),
('7bfjg453ejktq03t7oqup2hbpj4l9367', '::1', 1513549150, 0x5f5f63695f6c6173745f726567656e65726174657c693a313531333534393135303b6c6f6761646f7c623a313b706170656c7c733a373a22476572656e7465223b7573756172696f7c733a313a2232223b),
('rtuin0806dc7dghe11bd0n5t800tggq8', '::1', 1513549524, 0x5f5f63695f6c6173745f726567656e65726174657c693a313531333534393532343b6c6f6761646f7c623a313b706170656c7c733a373a22476572656e7465223b7573756172696f7c733a313a2232223b),
('3ftl0hhdp1nhitibdh93v48vn611psdg', '::1', 1513549526, 0x5f5f63695f6c6173745f726567656e65726174657c693a313531333534393532363b6c6f6761646f7c623a313b706170656c7c733a373a22476572656e7465223b7573756172696f7c733a313a2232223b),
('2hg87t7cu87kjd0dd1mmqo8b1ubi0h2l', '::1', 1513549875, 0x5f5f63695f6c6173745f726567656e65726174657c693a313531333534393837353b6c6f6761646f7c623a313b706170656c7c733a373a22476572656e7465223b7573756172696f7c733a313a2232223b),
('4b32qs2ub65fna6mu01tmqeq1cqh8d1c', '::1', 1513549879, 0x5f5f63695f6c6173745f726567656e65726174657c693a313531333534393837393b6c6f6761646f7c623a313b706170656c7c733a373a22476572656e7465223b7573756172696f7c733a313a2232223b),
('j945pkipfuoac6lsg6a1pkgt52ea4p9c', '::1', 1513549882, 0x5f5f63695f6c6173745f726567656e65726174657c693a313531333534393838323b6c6f6761646f7c623a313b706170656c7c733a373a22476572656e7465223b7573756172696f7c733a313a2232223b),
('aa21499q7v38evsdllfsei86uoqntjoh', '::1', 1513552508, 0x5f5f63695f6c6173745f726567656e65726174657c693a313531333535323530383b6c6f6761646f7c623a313b706170656c7c733a373a22476572656e7465223b7573756172696f7c733a313a2232223b),
('848abjb4ne180ka2k0ttu99dglj6ksg6', '::1', 1513552851, 0x5f5f63695f6c6173745f726567656e65726174657c693a313531333535323835313b6c6f6761646f7c623a313b706170656c7c733a373a22476572656e7465223b7573756172696f7c733a313a2232223b),
('1tp2ej1385a2shg281qe1h0hj4n0bstk', '::1', 1513550400, 0x5f5f63695f6c6173745f726567656e65726174657c693a313531333535303430303b6c6f6761646f7c623a313b706170656c7c733a373a22476572656e7465223b7573756172696f7c733a313a2232223b),
('uv94g1t33n76pjsng3754mcsikiq68ha', '::1', 1513550405, 0x5f5f63695f6c6173745f726567656e65726174657c693a313531333535303430353b6c6f6761646f7c623a313b706170656c7c733a373a22476572656e7465223b7573756172696f7c733a313a2232223b),
('32aidfehdp7k33s7g8jgbvm91cnrjml6', '::1', 1513550407, 0x5f5f63695f6c6173745f726567656e65726174657c693a313531333535303430373b6c6f6761646f7c623a313b706170656c7c733a373a22476572656e7465223b7573756172696f7c733a313a2232223b),
('4o5j5f7mr826adk8cdu8s4gq073g9sq3', '::1', 1513550708, 0x5f5f63695f6c6173745f726567656e65726174657c693a313531333535303730383b6c6f6761646f7c623a313b706170656c7c733a373a22476572656e7465223b7573756172696f7c733a313a2232223b),
('jg10pfkp4j2tajhlkmsb9883h6arqca2', '::1', 1513550710, 0x5f5f63695f6c6173745f726567656e65726174657c693a313531333535303731303b6c6f6761646f7c623a313b706170656c7c733a373a22476572656e7465223b7573756172696f7c733a313a2232223b),
('04n1e84ku9teb9ifjs03ueqs07m9uctq', '::1', 1513550712, 0x5f5f63695f6c6173745f726567656e65726174657c693a313531333535303731323b6c6f6761646f7c623a313b706170656c7c733a373a22476572656e7465223b7573756172696f7c733a313a2232223b),
('70dv8mm8l68u0ge2khl1vbfbedov0r27', '::1', 1513550801, 0x5f5f63695f6c6173745f726567656e65726174657c693a313531333535303730383b6c6f6761646f7c623a313b706170656c7c733a373a22476572656e7465223b7573756172696f7c733a313a2232223b),
('aj752a2qas7jtsia64qi991s29p7oe9a', '::1', 1513552098, 0x5f5f63695f6c6173745f726567656e65726174657c693a313531333535323039383b6c6f6761646f7c623a313b706170656c7c733a373a22476572656e7465223b7573756172696f7c733a313a2232223b),
('866a1svi4osqgh2m2nk1doo47da2i7l0', '::1', 1513552100, 0x5f5f63695f6c6173745f726567656e65726174657c693a313531333535323130303b6c6f6761646f7c623a313b706170656c7c733a373a22476572656e7465223b7573756172696f7c733a313a2232223b),
('8d7eaf0432mqrgktip1b6c63m3n2foka', '::1', 1513552479, 0x5f5f63695f6c6173745f726567656e65726174657c693a313531333535323437393b6c6f6761646f7c623a313b706170656c7c733a373a22476572656e7465223b7573756172696f7c733a313a2232223b),
('tqqcsn4fkdq4ekafg4mu1558vvhbnccj', '::1', 1513552481, 0x5f5f63695f6c6173745f726567656e65726174657c693a313531333535323438313b6c6f6761646f7c623a313b706170656c7c733a373a22476572656e7465223b7573756172696f7c733a313a2232223b),
('7etcn23fuutut1hoauccf7vv64v2o33h', '::1', 1513552474, 0x5f5f63695f6c6173745f726567656e65726174657c693a313531333535323437343b6c6f6761646f7c623a313b706170656c7c733a373a22476572656e7465223b7573756172696f7c733a313a2232223b),
('soaan5cthkenmk4qpmd5qrkro477rv31', '::1', 1513552479, 0x5f5f63695f6c6173745f726567656e65726174657c693a313531333535323437393b6c6f6761646f7c623a313b706170656c7c733a373a22476572656e7465223b7573756172696f7c733a313a2232223b),
('ua5adu3jok17tmd5g73gir6su9v11b2m', '::1', 1513552497, 0x5f5f63695f6c6173745f726567656e65726174657c693a313531333535323438313b6c6f6761646f7c623a313b706170656c7c733a373a22476572656e7465223b7573756172696f7c733a313a2232223b),
('5vh0h6u2vvamcmdj386b4np3v4mh3jeu', '::1', 1513556510, 0x5f5f63695f6c6173745f726567656e65726174657c693a313531333535363531303b6c6f6761646f7c623a313b706170656c7c733a373a22476572656e7465223b7573756172696f7c733a313a2232223b),
('smeo6p345hi0rju5eq1fr19iir18ee7s', '::1', 1513557926, 0x5f5f63695f6c6173745f726567656e65726174657c693a313531333535373932363b6c6f6761646f7c623a313b706170656c7c733a373a22476572656e7465223b7573756172696f7c733a313a2232223b),
('he2svv87fn1h5q180cm6qfrmbu863sug', '::1', 1513556543, 0x5f5f63695f6c6173745f726567656e65726174657c693a313531333535363534333b6c6f6761646f7c623a313b706170656c7c733a373a22476572656e7465223b7573756172696f7c733a313a2232223b),
('kpus9qvnimd494hgmb9e8p3rp1amtsak', '::1', 1513556513, 0x5f5f63695f6c6173745f726567656e65726174657c693a313531333535363531333b6c6f6761646f7c623a313b706170656c7c733a373a22476572656e7465223b7573756172696f7c733a313a2232223b),
('61mp06q4p96vu9k469jp2f7ppielu9bf', '::1', 1513556380, 0x5f5f63695f6c6173745f726567656e65726174657c693a313531333535363338303b),
('ratn55ig4kpmmmjq7tpn4bj25mg8st1g', '::1', 1513559437, 0x5f5f63695f6c6173745f726567656e65726174657c693a313531333535393433373b6c6f6761646f7c623a313b706170656c7c733a373a22476572656e7465223b7573756172696f7c733a313a2232223b),
('8a12rt10pl23kv21ci0eq92usqudvh7a', '::1', 1513557919, 0x5f5f63695f6c6173745f726567656e65726174657c693a313531333535373931393b6c6f6761646f7c623a313b706170656c7c733a373a22476572656e7465223b7573756172696f7c733a313a2232223b),
('f4ck7h62gcn2vkg2bko36a62dmpu7okp', '::1', 1513557049, 0x5f5f63695f6c6173745f726567656e65726174657c693a313531333535373034393b6c6f6761646f7c623a313b706170656c7c733a373a22476572656e7465223b7573756172696f7c733a313a2232223b),
('09stideovc1r48ancnl9ac20u773cpur', '::1', 1513557932, 0x5f5f63695f6c6173745f726567656e65726174657c693a313531333535373933323b6c6f6761646f7c623a313b706170656c7c733a373a22476572656e7465223b7573756172696f7c733a313a2232223b),
('7brfs0qfpomefc22tsi3imarcipg7vue', '::1', 1513558703, 0x5f5f63695f6c6173745f726567656e65726174657c693a313531333535383730333b6c6f6761646f7c623a313b706170656c7c733a373a22476572656e7465223b7573756172696f7c733a313a2232223b),
('vfbanno47qgu69iqaq8b1c0mak1t3m41', '::1', 1513557049, 0x5f5f63695f6c6173745f726567656e65726174657c693a313531333535373034393b6c6f6761646f7c623a313b706170656c7c733a373a22476572656e7465223b7573756172696f7c733a313a2232223b),
('b7slijjqh7e3raqsv0hpmsnecdfav78n', '::1', 1513559416, 0x5f5f63695f6c6173745f726567656e65726174657c693a313531333535393431363b6c6f6761646f7c623a313b706170656c7c733a373a22476572656e7465223b7573756172696f7c733a313a2232223b),
('g9kjgkks95erb9qurnh9h5la82jsa67t', '::1', 1513557724, 0x5f5f63695f6c6173745f726567656e65726174657c693a313531333535373732343b6c6f6761646f7c623a313b706170656c7c733a373a22476572656e7465223b7573756172696f7c733a313a2232223b),
('kg0touik2lso10m68ctn16d1t1m5kc3c', '::1', 1513559472, 0x5f5f63695f6c6173745f726567656e65726174657c693a313531333535393437323b6c6f6761646f7c623a313b706170656c7c733a373a22476572656e7465223b7573756172696f7c733a313a2232223b),
('ua71a38ldu16jv92qd79phua636u3925', '::1', 1513558197, 0x5f5f63695f6c6173745f726567656e65726174657c693a313531333535373932363b6c6f6761646f7c623a313b706170656c7c733a373a22476572656e7465223b7573756172696f7c733a313a2232223b),
('aounp543bomkdpbvf0dbkvkfu7f581i1', '::1', 1513558201, 0x5f5f63695f6c6173745f726567656e65726174657c693a313531333535373933323b6c6f6761646f7c623a313b706170656c7c733a373a22476572656e7465223b7573756172696f7c733a313a2232223b),
('osmh3vrfusm82o39fea4u30vlvmmljfo', '::1', 1513558703, 0x5f5f63695f6c6173745f726567656e65726174657c693a313531333535383730333b6c6f6761646f7c623a313b706170656c7c733a373a22476572656e7465223b7573756172696f7c733a313a2232223b),
('4fi5gl0nnkpjplnkgh368sv2psu0mcue', '::1', 1513559420, 0x5f5f63695f6c6173745f726567656e65726174657c693a313531333535393431363b6c6f6761646f7c623a313b706170656c7c733a373a22476572656e7465223b7573756172696f7c733a313a2232223b),
('0q5jjl84p8526a7u7he3mppn7sk63ru5', '::1', 1513559472, 0x5f5f63695f6c6173745f726567656e65726174657c693a313531333535393437323b6c6f6761646f7c623a313b706170656c7c733a373a22476572656e7465223b7573756172696f7c733a313a2232223b),
('pt0oj5s6v28cm1o8tr5nj94evh202k8t', '::1', 1513566716, 0x5f5f63695f6c6173745f726567656e65726174657c693a313531333536363731363b6c6f6761646f7c623a313b706170656c7c733a373a22476572656e7465223b7573756172696f7c733a313a2232223b),
('ov386gcr04mi45irdq8js5rerra1bmjf', '::1', 1513560176, 0x5f5f63695f6c6173745f726567656e65726174657c693a313531333536303137363b),
('hljtlpbt3rj4d1rcmroon9ou4ob8con4', '::1', 1513560576, 0x5f5f63695f6c6173745f726567656e65726174657c693a313531333536303537363b),
('hjeftvf13o5ekkumt7n5v0d2c4rfoi9q', '::1', 1513560964, 0x5f5f63695f6c6173745f726567656e65726174657c693a313531333536303936343b),
('ctfbohn5dv9pjcj1o418at1a68iijne4', '::1', 1513561349, 0x5f5f63695f6c6173745f726567656e65726174657c693a313531333536313334393b),
('tm7h33hsqu6vjjd4t8lfgovnslddpvip', '::1', 1513561794, 0x5f5f63695f6c6173745f726567656e65726174657c693a313531333536313739343b),
('2a2q193mqv0lo8rlq1donnmvr1u359pn', '::1', 1513562540, 0x5f5f63695f6c6173745f726567656e65726174657c693a313531333536323534303b),
('9ij3ghlt26qdi4p21el0gt0rgg8emn3v', '::1', 1513562861, 0x5f5f63695f6c6173745f726567656e65726174657c693a313531333536323836313b),
('4gfcfhehp4nhb3h9o8ifq8iao6311cvt', '::1', 1513563894, 0x5f5f63695f6c6173745f726567656e65726174657c693a313531333536333839343b),
('vb5gpgo6ig74g45hiji9c79ijsmg6kds', '::1', 1513564389, 0x5f5f63695f6c6173745f726567656e65726174657c693a313531333536343338393b),
('veon390m4mb979hg63t2vtgsobpd9vlu', '::1', 1513564763, 0x5f5f63695f6c6173745f726567656e65726174657c693a313531333536343736333b),
('97acbeiqguacfu5tlvv0tlib21fuqec6', '::1', 1513565197, 0x5f5f63695f6c6173745f726567656e65726174657c693a313531333536353139373b),
('l3n4jpifu3h5uvrptfln60cmnutc4usf', '::1', 1513565931, 0x5f5f63695f6c6173745f726567656e65726174657c693a313531333536353933313b),
('kchtmgvk4rfk1pklqauarrbknilb340p', '::1', 1513566277, 0x5f5f63695f6c6173745f726567656e65726174657c693a313531333536363237373b),
('0f0qsc676nm28evj9g6950sghkovdgs3', '::1', 1513566703, 0x5f5f63695f6c6173745f726567656e65726174657c693a313531333536363730333b),
('d95men02trcqupna934c5utjj0qkb307', '::1', 1513567084, 0x5f5f63695f6c6173745f726567656e65726174657c693a313531333536373038343b),
('ck3rdn5uiuqqet24ssg2lnte5gl06ojn', '::1', 1513569687, 0x5f5f63695f6c6173745f726567656e65726174657c693a313531333536393638373b6c6f6761646f7c623a313b706170656c7c733a373a22476572656e7465223b7573756172696f7c733a313a2232223b),
('98ok53jrjtnrd1mgq8e4f6d83aqnnmi4', '::1', 1513567212, 0x5f5f63695f6c6173745f726567656e65726174657c693a313531333536373231323b),
('8conbo83llo0sp1s4h7rkimep5q2pje0', '::1', 1513567417, 0x5f5f63695f6c6173745f726567656e65726174657c693a313531333536373431373b),
('p1cqmegm015g2fh08enbpovm53s4bqvk', '::1', 1513568495, 0x5f5f63695f6c6173745f726567656e65726174657c693a313531333536383439353b),
('spntd5ap8idu3a3m70e12hf1fblg5a81', '::1', 1513568127, 0x5f5f63695f6c6173745f726567656e65726174657c693a313531333536383132373b),
('s517ik4f91rfqoj562pkt18370tni9u0', '::1', 1513568492, 0x5f5f63695f6c6173745f726567656e65726174657c693a313531333536383439323b),
('fc5djr4f7kroc2nvhi66hqec1sksh5me', '::1', 1513568828, 0x5f5f63695f6c6173745f726567656e65726174657c693a313531333536383832383b),
('3r0f9okj1u02avd5b9bq3rk8u4cth3jq', '::1', 1513568831, 0x5f5f63695f6c6173745f726567656e65726174657c693a313531333536383833313b),
('nsulovtc58ovr7oi0ka69rau0lbdinam', '::1', 1513569222, 0x5f5f63695f6c6173745f726567656e65726174657c693a313531333536393232323b),
('gkmd9on5fq0hqvtt3q6q6s7v8jfqer62', '::1', 1513569263, 0x5f5f63695f6c6173745f726567656e65726174657c693a313531333536393236333b),
('bar058720gaa0qugn4o5ij8i2etek4no', '::1', 1513569531, 0x5f5f63695f6c6173745f726567656e65726174657c693a313531333536393533313b),
('q77fqf45fcogpvfh47rhrqhh8oaerid5', '::1', 1513569670, 0x5f5f63695f6c6173745f726567656e65726174657c693a313531333536393637303b),
('isd93mboqhbl0rgdbf01t705oiq7vr61', '::1', 1513569899, 0x5f5f63695f6c6173745f726567656e65726174657c693a313531333536393839393b),
('3mh4epm19dkk6bpktbm8aaa8ceq6a6d1', '::1', 1513569696, 0x5f5f63695f6c6173745f726567656e65726174657c693a313531333536393638373b6c6f6761646f7c623a313b706170656c7c733a373a22476572656e7465223b7573756172696f7c733a313a2232223b),
('o2ca9gboj7g7tiqcitv590hri5nrqf17', '::1', 1513571100, 0x5f5f63695f6c6173745f726567656e65726174657c693a313531333537313130303b),
('hs1thgt71tkugtqa3l0d90s2gb0ndbje', '::1', 1513570364, 0x5f5f63695f6c6173745f726567656e65726174657c693a313531333537303336343b),
('mjupbrpdanprrcpchddo0p3som6t7utp', '::1', 1513570745, 0x5f5f63695f6c6173745f726567656e65726174657c693a313531333537303734353b),
('psicnse3ei2hnoku457qjvdv8lsdspeb', '::1', 1513571071, 0x5f5f63695f6c6173745f726567656e65726174657c693a313531333537313037313b),
('moj13151dk26m5sfnr0m8uvvas8sads9', '::1', 1513571718, 0x5f5f63695f6c6173745f726567656e65726174657c693a313531333537313731383b),
('3cvcsgng4e2nbm6iebfjglth2qj0dnvg', '::1', 1513571267, 0x5f5f63695f6c6173745f726567656e65726174657c693a313531333537313130303b),
('j7arnbmtjvb5evsfdgggn5oi4fqt6n7v', '::1', 1513571718, 0x5f5f63695f6c6173745f726567656e65726174657c693a313531333537313731383b),
('j7eo75b3v6jiktu76cikjjg74l04nq77', '::1', 1513597587, 0x5f5f63695f6c6173745f726567656e65726174657c693a313531333539373538373b),
('0op49aun6vs8ab73t9fn1lebo3cf0j32', '::1', 1513597455, 0x5f5f63695f6c6173745f726567656e65726174657c693a313531333539373435353b),
('vjof30tmq7fm90h2kedp8jn3lhbk9vm2', '::1', 1513597830, 0x5f5f63695f6c6173745f726567656e65726174657c693a313531333539373833303b),
('latrb07teltpm4a81i4v6l9fe92tccl2', '::1', 1513598273, 0x5f5f63695f6c6173745f726567656e65726174657c693a313531333539383237333b),
('ia0mhamcifdie8dbl6ilq2t95r37s9i7', '::1', 1513598134, 0x5f5f63695f6c6173745f726567656e65726174657c693a313531333539383133343b),
('tmdpa5n7ma997aesjb8hu2c44h100dbb', '::1', 1513598280, 0x5f5f63695f6c6173745f726567656e65726174657c693a313531333539383133343b),
('0lsuovski3mke126vdn6ia0gsr73tg93', '::1', 1513598274, 0x5f5f63695f6c6173745f726567656e65726174657c693a313531333539383237333b),
('2abmu7hug1akgjtam3v53o426tl04bvb', '::1', 1513615210, 0x5f5f63695f6c6173745f726567656e65726174657c693a313531333631353231303b),
('2hcrjr3rc4kdh5ihr6po0kktcb71gt50', '::1', 1513617124, 0x5f5f63695f6c6173745f726567656e65726174657c693a313531333631373132343b),
('uen3u9pignjuabp4nri9pg0shcnjcovq', '::1', 1513617481, 0x5f5f63695f6c6173745f726567656e65726174657c693a313531333631373438313b),
('nhnor6u9j9tn83qbla81u9jiglkr750o', '::1', 1513617943, 0x5f5f63695f6c6173745f726567656e65726174657c693a313531333631373934333b6c6f6761646f7c623a313b706170656c7c733a373a22476572656e7465223b7573756172696f7c733a313a2232223b),
('o1ttkdje5smuljfq4vd4imqnoq11so1b', '::1', 1513617624, 0x5f5f63695f6c6173745f726567656e65726174657c693a313531333631373632343b),
('9i2iu7spqgpp160p7k58secia9tj40fc', '::1', 1513617578, 0x5f5f63695f6c6173745f726567656e65726174657c693a313531333631373438313b),
('06v5uvm85bd2l9d6m06735rh2s2v9fss', '::1', 1513618053, 0x5f5f63695f6c6173745f726567656e65726174657c693a313531333631373934333b6c6f6761646f7c623a313b706170656c7c733a373a22476572656e7465223b7573756172696f7c733a313a2232223b),
('qpnib2hbdeqrhug0lkilvj13t2934duq', '::1', 1513618071, 0x5f5f63695f6c6173745f726567656e65726174657c693a313531333631383030343b6c6f6761646f7c623a313b706170656c7c733a353a224175746f72223b7573756172696f7c733a313a2233223b),
('otlu3ttvjch340bgt8vg0170eabis2n4', '::1', 1513618469, 0x5f5f63695f6c6173745f726567656e65726174657c693a313531333631383436393b),
('in1bh5a59lnotpr18g5a3ovkm4jqhonj', '::1', 1513618468, 0x5f5f63695f6c6173745f726567656e65726174657c693a313531333631383436383b6c6f6761646f7c623a313b706170656c7c733a353a224175746f72223b7573756172696f7c733a313a2233223b),
('jusckpns1gg2bghani2a51khcn4hn3v9', '::1', 1513618270, 0x5f5f63695f6c6173745f726567656e65726174657c693a313531333631383132333b),
('gtu36sdshoqqss1e4035a3hoqoeo29jk', '::1', 1513618469, 0x5f5f63695f6c6173745f726567656e65726174657c693a313531333631383436383b6c6f6761646f7c623a313b706170656c7c733a373a22476572656e7465223b7573756172696f7c733a313a2232223b),
('q3e6dspjh0694tjacrn1rv2asvas0h6t', '::1', 1513618481, 0x5f5f63695f6c6173745f726567656e65726174657c693a313531333631383436393b),
('ojt6luslg2f7c76aic2d6kjdna0oru41', '::1', 1513618547, 0x5f5f63695f6c6173745f726567656e65726174657c693a313531333631383534373b6c6f6761646f7c623a313b706170656c7c733a373a22476572656e7465223b7573756172696f7c733a313a2232223b),
('clf8vefgdsbgh70ctjl405bfgu2d7ue1', '::1', 1513618550, 0x5f5f63695f6c6173745f726567656e65726174657c693a313531333631383534373b),
('a0ksq27n21rgt9jdd1teta9qhqb0cvgn', '::1', 1513618818, 0x5f5f63695f6c6173745f726567656e65726174657c693a313531333631383738393b6c6f6761646f7c623a313b706170656c7c733a373a22476572656e7465223b7573756172696f7c733a313a2232223b),
('nk1cisdphdl7cnp8d5tksf2r4okq2b4d', '::1', 1513640275, 0x5f5f63695f6c6173745f726567656e65726174657c693a313531333634303237353b),
('e09hoek9sggib9mncekk8tet4dj339nb', '::1', 1513642633, 0x5f5f63695f6c6173745f726567656e65726174657c693a313531333634323633333b),
('a6gv6m235jh1v9m8j9kgamid87oa23c8', '::1', 1513642927, 0x5f5f63695f6c6173745f726567656e65726174657c693a313531333634323733353b),
('eobegutmkcdmd0fev1sp7k8idkif9d0a', '::1', 1513859891, 0x5f5f63695f6c6173745f726567656e65726174657c693a313531333835393839313b),
('cl9h6jpr54ok9i9t7puda89gnrhtc1d8', '::1', 1513863172, 0x5f5f63695f6c6173745f726567656e65726174657c693a313531333836333137313b6c6f6761646f7c623a313b706170656c7c733a353a224175746f72223b7573756172696f7c733a313a2233223b),
('k37n308beno8e7mmfq2svk9bd1nerlqv', '::1', 1513864521, 0x5f5f63695f6c6173745f726567656e65726174657c693a313531333836343532313b6c6f6761646f7c623a313b706170656c7c733a353a224175746f72223b7573756172696f7c733a313a2233223b),
('nt1h6glj6cputek2f75i6rm5ivlltko9', '::1', 1513864666, 0x5f5f63695f6c6173745f726567656e65726174657c693a313531333836343636363b),
('l2kim8u5iato616l5k3b21l67eveurrq', '::1', 1513864954, 0x5f5f63695f6c6173745f726567656e65726174657c693a313531333836343935343b6c6f6761646f7c623a313b706170656c7c733a353a224175746f72223b7573756172696f7c733a313a2233223b),
('pigagchkv7mmup8b484fevnrqdehr8js', '::1', 1513864960, 0x5f5f63695f6c6173745f726567656e65726174657c693a313531333836343935353b),
('bb7sebbmsqvfjss0mqha31f0b8kok0v7', '::1', 1513868389, 0x5f5f63695f6c6173745f726567656e65726174657c693a313531333836383338393b6c6f6761646f7c623a313b706170656c7c733a353a224175746f72223b7573756172696f7c733a313a2233223b),
('l6p2m0vvkvsrpjtcfmcsa0a54epg2ldb', '::1', 1513867889, 0x5f5f63695f6c6173745f726567656e65726174657c693a313531333836373838393b6c6f6761646f7c623a313b706170656c7c733a353a224175746f72223b7573756172696f7c733a313a2233223b),
('pkbqs96dd681askj9srrnpov5qa4o1m6', '::1', 1513868206, 0x5f5f63695f6c6173745f726567656e65726174657c693a313531333836383230363b6c6f6761646f7c623a313b706170656c7c733a353a224175746f72223b7573756172696f7c733a313a2233223b),
('r78t6jg4d8455p1iel124pnfdsdvu1j8', '::1', 1513868854, 0x5f5f63695f6c6173745f726567656e65726174657c693a313531333836383835343b6c6f6761646f7c623a313b706170656c7c733a353a224175746f72223b7573756172696f7c733a313a2233223b),
('4b6nbsbindqlrlstncj394mufdp4cnum', '::1', 1513868848, 0x5f5f63695f6c6173745f726567656e65726174657c693a313531333836383834383b6c6f6761646f7c623a313b706170656c7c733a353a224175746f72223b7573756172696f7c733a313a2233223b),
('v5mfca1rtv0c2vs3d4cnvug990isdmq8', '::1', 1513868848, 0x5f5f63695f6c6173745f726567656e65726174657c693a313531333836383834383b6c6f6761646f7c623a313b706170656c7c733a353a224175746f72223b7573756172696f7c733a313a2233223b),
('kv303p27svh3htbgq1dt7ddt0ss293g7', '::1', 1513868854, 0x5f5f63695f6c6173745f726567656e65726174657c693a313531333836383835343b6c6f6761646f7c623a313b706170656c7c733a353a224175746f72223b7573756172696f7c733a313a2233223b);

-- --------------------------------------------------------

--
-- Estrutura da tabela `edicao`
--

CREATE TABLE `edicao` (
  `id_edicao` int(11) NOT NULL,
  `data_edicao` timestamp NOT NULL DEFAULT CURRENT_TIMESTAMP ON UPDATE CURRENT_TIMESTAMP,
  `observacao` varchar(200) DEFAULT NULL,
  `status_pendencia` varchar(20) DEFAULT NULL,
  `fk_id_submissao` int(11) NOT NULL,
  `fk_id_editor` int(11) NOT NULL,
  `fk_id_usuario` int(11) NOT NULL
) ENGINE=InnoDB DEFAULT CHARSET=latin1;

-- --------------------------------------------------------

--
-- Estrutura da tabela `editora`
--

CREATE TABLE `editora` (
  `id_editora` int(11) NOT NULL,
  `editora` varchar(100) NOT NULL
) ENGINE=InnoDB DEFAULT CHARSET=latin1;

--
-- Extraindo dados da tabela `editora`
--

INSERT INTO `editora` (`id_editora`, `editora`) VALUES
(1, 'Gregore'),
(2, 'Subiu');

-- --------------------------------------------------------

--
-- Estrutura da tabela `editor_serie`
--

CREATE TABLE `editor_serie` (
  `id_editor_serie` int(11) NOT NULL,
  `fk_id_usuario` int(11) NOT NULL
) ENGINE=InnoDB DEFAULT CHARSET=latin1;

-- --------------------------------------------------------

--
-- Estrutura da tabela `submissao`
--

CREATE TABLE `submissao` (
  `id_submissao` int(11) NOT NULL,
  `titulo` varchar(50) CHARACTER SET utf8 DEFAULT NULL,
  `data_submissao` timestamp NOT NULL DEFAULT CURRENT_TIMESTAMP ON UPDATE CURRENT_TIMESTAMP,
  `status_sub` varchar(50) CHARACTER SET utf8 DEFAULT NULL,
  `isb` int(11) DEFAULT NULL,
  `sinopse` text CHARACTER SET utf8,
  `arquivo` varchar(200) CHARACTER SET utf8 NOT NULL,
  `disponivel` tinyint(1) DEFAULT NULL,
  `numero_paginas` int(11) DEFAULT NULL,
  `fk_id_categoria` int(11) NOT NULL,
  `fk_id_usuario` int(11) NOT NULL
) ENGINE=InnoDB DEFAULT CHARSET=latin1;

--
-- Extraindo dados da tabela `submissao`
--

INSERT INTO `submissao` (`id_submissao`, `titulo`, `data_submissao`, `status_sub`, `isb`, `sinopse`, `arquivo`, `disponivel`, `numero_paginas`, `fk_id_categoria`, `fk_id_usuario`) VALUES
(1, 'Submissão Script 1', '2017-12-17 23:22:12', 'Submetido', 0, 'Sinopse Submissão Script 1', 'http://localhost:2222//submissao/cadastro/download?arquivo=gdkaUnHX/', 0, 5666, 15, 1),
(2, 'Submissão Script 2', '2017-12-18 17:26:25', 'Submetido', 60, 'Sinopse Submissão Script 2', 'http://localhost:9000//submissao/cadastro/download?arquivo=okyndqSf/40c5d93959f8981174cfd782f5cf703f.pdf', 0, 85, 12, 1),
(3, 'Submissão Script 3', '2017-12-18 17:37:32', 'Submetido', 65, 'Sinopse Submissão Script 3', 'http://localhost:9000//submissao/cadastro/download?arquivo=jDowytbJ/49c35500c32d8fc192616ab732acfe81.pdf', 0, 485, 12, 1),
(4, 'Submissão Script 4', '2017-12-18 23:27:38', 'Submetido', 79, 'Sinopse Submissão Script 4', 'http://localhost:9000//submissao/cadastro/download?arquivo=ABZVlHzx/7d4bf1e96283675345580bc140837abf.pdf', 0, 59, 29, 3),
(5, 'Submissão Script 5', '2017-12-18 23:27:38', 'Publicado', 80, 'Sinopse Submissão Script 5', 'http://localhost:9000//submissao/cadastro/download?arquivo=ABZVlHzx/7d4bf1e96283675345580bc140837abf.pdf', 0, 59, 29, 3),
(6, 'Submissão Script 6', '2017-12-18 23:27:38', 'Publicado', 81, 'Sinopse Submissão Script 6', 'http://localhost:9000//submissao/cadastro/download?arquivo=ABZVlHzx/7d4bf1e96283675345580bc140837abf.pdf', 0, 59, 29, 3),
(7, 'Submissão Script 7', '2017-12-18 23:27:38', 'Publicado', 82, 'Sinopse Submissão Script 7', 'http://localhost:9000//submissao/cadastro/download?arquivo=ABZVlHzx/7d4bf1e96283675345580bc140837abf.pdf', 0, 59, 29, 3),
(8, 'Submissão Script 8', '2017-12-18 23:27:38', 'Publicado', 83, 'Sinopse Submissão Script 8', 'http://localhost:9000//submissao/cadastro/download?arquivo=ABZVlHzx/7d4bf1e96283675345580bc140837abf.pdf', 0, 59, 29, 3),
(9, 'Submissão Script 9', '2017-12-18 23:27:38', 'Publicado', 83, 'Sinopse Submissão Script 9', 'http://localhost:9000//submissao/cadastro/download?arquivo=ABZVlHzx/7d4bf1e96283675345580bc140837abf.pdf', 0, 59, 29, 3),
(10, 'Submissão Script 10', '2017-12-18 23:27:38', 'Publicado', 83, 'Sinopse Submissão Script 10', 'http://localhost:9000//submissao/cadastro/download?arquivo=ABZVlHzx/7d4bf1e96283675345580bc140837abf.pdf', 0, 59, 29, 3),
(11, 'Submissão Script 11', '2017-12-18 23:27:38', 'Publicado', 83, 'Sinopse Submissão Script 11', 'http://localhost:9000//submissao/cadastro/download?arquivo=ABZVlHzx/7d4bf1e96283675345580bc140837abf.pdf', 0, 59, 29, 3),
(12, 'Submissão Script 12', '2017-12-18 23:27:38', 'Publicado', 83, 'Sinopse Submissão Script 12', 'http://localhost:9000//submissao/cadastro/download?arquivo=ABZVlHzx/7d4bf1e96283675345580bc140837abf.pdf', 0, 59, 29, 3),
(13, 'Submissão Script 13', '2017-12-18 23:27:38', 'Publicado', 83, 'Sinopse Submissão Script 13', 'http://localhost:9000//submissao/cadastro/download?arquivo=ABZVlHzx/7d4bf1e96283675345580bc140837abf.pdf', 0, 59, 29, 3);

-- --------------------------------------------------------

--
-- Estrutura da tabela `usuario`
--

CREATE TABLE `usuario` (
  `id_usuario` int(11) NOT NULL,
  `nome` varchar(80) NOT NULL,
  `email` varchar(80) NOT NULL,
  `login` varchar(30) NOT NULL,
  `senha` varchar(32) NOT NULL,
  `papel` varchar(50) NOT NULL,
  `fk_id_editora` int(11) NOT NULL
) ENGINE=InnoDB DEFAULT CHARSET=latin1;

--
-- Extraindo dados da tabela `usuario`
--

INSERT INTO `usuario` (`id_usuario`, `nome`, `email`, `login`, `senha`, `papel`, `fk_id_editora`) VALUES
(1, 'José Carlos', 'jose@mpf.mp.br', 'jose', '123', 'Autor', 1),
(2, 'Gerente', 'g@gmail.com', 'gerente', '7768391ed415974386699ae31c3b3b83', 'Gerente', 1),
(3, 'Autor', 'autor@editora', 'autor', '7768391ed415974386699ae31c3b3b83', 'Autor', 1),
(10, 'eu', 'eu@eu', 'eu', '202cb962ac59075b964b07152d234b70', 'Usuario', 1);

--
-- Indexes for dumped tables
--

--
-- Indexes for table `autor`
--
ALTER TABLE `autor`
  ADD PRIMARY KEY (`id_autor`,`fk_id_usuario`),
  ADD KEY `fk_id_usuario` (`fk_id_usuario`);

--
-- Indexes for table `avaliador`
--
ALTER TABLE `avaliador`
  ADD PRIMARY KEY (`id_avaliador`,`fk_id_usuario`),
  ADD KEY `fk_id_usuario` (`fk_id_usuario`);

--
-- Indexes for table `categoria`
--
ALTER TABLE `categoria`
  ADD PRIMARY KEY (`id_categoria`);

--
-- Indexes for table `ci_sessions`
--
ALTER TABLE `ci_sessions`
  ADD KEY `ci_sessions_timestamp` (`timestamp`);

--
-- Indexes for table `edicao`
--
ALTER TABLE `edicao`
  ADD PRIMARY KEY (`id_edicao`),
  ADD KEY `fk_id_editor` (`fk_id_editor`),
  ADD KEY `fk_id_usuario` (`fk_id_usuario`),
  ADD KEY `fk_id_submissao` (`fk_id_submissao`);

--
-- Indexes for table `editora`
--
ALTER TABLE `editora`
  ADD PRIMARY KEY (`id_editora`);

--
-- Indexes for table `editor_serie`
--
ALTER TABLE `editor_serie`
  ADD PRIMARY KEY (`id_editor_serie`,`fk_id_usuario`),
  ADD KEY `fk_id_usuario` (`fk_id_usuario`);

--
-- Indexes for table `submissao`
--
ALTER TABLE `submissao`
  ADD PRIMARY KEY (`id_submissao`),
  ADD KEY `fk_id_categoria` (`fk_id_categoria`),
  ADD KEY `fk_id_usuario` (`fk_id_usuario`);

--
-- Indexes for table `usuario`
--
ALTER TABLE `usuario`
  ADD PRIMARY KEY (`id_usuario`),
  ADD KEY `fk_id_editora` (`fk_id_editora`);

--
-- AUTO_INCREMENT for dumped tables
--

--
-- AUTO_INCREMENT for table `autor`
--
ALTER TABLE `autor`
  MODIFY `id_autor` int(11) NOT NULL AUTO_INCREMENT;
--
-- AUTO_INCREMENT for table `avaliador`
--
ALTER TABLE `avaliador`
  MODIFY `id_avaliador` int(11) NOT NULL AUTO_INCREMENT;
--
-- AUTO_INCREMENT for table `categoria`
--
ALTER TABLE `categoria`
  MODIFY `id_categoria` int(11) NOT NULL AUTO_INCREMENT, AUTO_INCREMENT=30;
--
-- AUTO_INCREMENT for table `edicao`
--
ALTER TABLE `edicao`
  MODIFY `id_edicao` int(11) NOT NULL AUTO_INCREMENT;
--
-- AUTO_INCREMENT for table `editora`
--
ALTER TABLE `editora`
  MODIFY `id_editora` int(11) NOT NULL AUTO_INCREMENT, AUTO_INCREMENT=3;
--
-- AUTO_INCREMENT for table `editor_serie`
--
ALTER TABLE `editor_serie`
  MODIFY `id_editor_serie` int(11) NOT NULL AUTO_INCREMENT;
--
-- AUTO_INCREMENT for table `submissao`
--
ALTER TABLE `submissao`
  MODIFY `id_submissao` int(11) NOT NULL AUTO_INCREMENT, AUTO_INCREMENT=57;
--
-- AUTO_INCREMENT for table `usuario`
--
ALTER TABLE `usuario`
  MODIFY `id_usuario` int(11) NOT NULL AUTO_INCREMENT, AUTO_INCREMENT=11;
--
-- Constraints for dumped tables
--

--
-- Limitadores para a tabela `autor`
--
ALTER TABLE `autor`
  ADD CONSTRAINT `autor_ibfk_1` FOREIGN KEY (`fk_id_usuario`) REFERENCES `usuario` (`id_usuario`);

--
-- Limitadores para a tabela `avaliador`
--
ALTER TABLE `avaliador`
  ADD CONSTRAINT `avaliador_ibfk_1` FOREIGN KEY (`fk_id_usuario`) REFERENCES `usuario` (`id_usuario`);

--
-- Limitadores para a tabela `edicao`
--
ALTER TABLE `edicao`
  ADD CONSTRAINT `edicao_ibfk_1` FOREIGN KEY (`fk_id_editor`) REFERENCES `editor_serie` (`id_editor_serie`),
  ADD CONSTRAINT `edicao_ibfk_2` FOREIGN KEY (`fk_id_usuario`) REFERENCES `usuario` (`id_usuario`),
  ADD CONSTRAINT `edicao_ibfk_3` FOREIGN KEY (`fk_id_submissao`) REFERENCES `submissao` (`id_submissao`);

--
-- Limitadores para a tabela `editor_serie`
--
ALTER TABLE `editor_serie`
  ADD CONSTRAINT `editor_serie_ibfk_1` FOREIGN KEY (`fk_id_usuario`) REFERENCES `usuario` (`id_usuario`);

--
-- Limitadores para a tabela `submissao`
--
ALTER TABLE `submissao`
  ADD CONSTRAINT `submissao_ibfk_1` FOREIGN KEY (`fk_id_categoria`) REFERENCES `categoria` (`id_categoria`),
  ADD CONSTRAINT `submissao_ibfk_2` FOREIGN KEY (`fk_id_usuario`) REFERENCES `usuario` (`id_usuario`);

--
-- Limitadores para a tabela `usuario`
--
ALTER TABLE `usuario`
  ADD CONSTRAINT `usuario_ibfk_1` FOREIGN KEY (`fk_id_editora`) REFERENCES `editora` (`id_editora`);


 CREATE TABLE `notificacao` ( 
  `id_notificacao` int(11) NOT NULL AUTO_INCREMENT, 
  `pendente` int(1) NOT NULL, 
  `titulo` varchar(120) NOT NULL, 
  `mensagem` varchar(255) NOT NULL, 
  `data` date DEFAULT NULL, 
  `action_path` varchar(120) DEFAULT NULL, 
  `fk_id_usuario` int(11) NOT NULL, 
  `fk_id_submissao` int(11) NOT NULL, 
  PRIMARY KEY (`id_notificacao`), 
  KEY `fk_id_usuario` (`fk_id_usuario`), 
  KEY `fk_id_submissao` (`fk_id_submissao`), 
  CONSTRAINT `notificacao_ibfk_1` FOREIGN KEY (`fk_id_usuario`) REFERENCES `usuario` (`id_usuario`), 
  CONSTRAINT `notificacao_ibfk_2` FOREIGN KEY (`fk_id_submissao`) REFERENCES `submissao` (`id_submissao`) 
) ENGINE=InnoDB AUTO_INCREMENT=5 DEFAULT CHARSET=latin1; 



CREATE TABLE `avaliacao` ( 
  `id_avaliacao` int(11) NOT NULL, 
  `data_avaliacao` timestamp NOT NULL DEFAULT CURRENT_TIMESTAMP ON UPDATE CURRENT_TIMESTAMP, 
  `observacao` varchar(200) DEFAULT NULL, 
  `fk_id_submissao` int(11) NOT NULL, 
  `fk_id_avaliador` int(11) NOT NULL, 
  `fk_id_usuario` int(11) NOT NULL 
) ENGINE=InnoDB DEFAULT CHARSET=latin1; 
 
ALTER TABLE `avaliacao` 
  ADD PRIMARY KEY (`id_avaliacao`), 
  ADD KEY `fk_id_avaliador` (`fk_id_avaliador`), 
  ADD KEY `fk_id_usuario` (`fk_id_usuario`), 
  ADD KEY `fk_id_submissao` (`fk_id_submissao`); 
 
ALTER TABLE `avaliacao` 
  MODIFY `id_avaliacao` int(11) NOT NULL AUTO_INCREMENT; 
 
ALTER TABLE `avaliacao` 
  ADD CONSTRAINT `avaliacao_ibfk_1` FOREIGN KEY (`fk_id_avaliador`) REFERENCES `avaliador` (`id_avaliador`), 
  ADD CONSTRAINT `avaliacao_ibfk_2` FOREIGN KEY (`fk_id_usuario`) REFERENCES `usuario` (`id_usuario`), 
  ADD CONSTRAINT `avaliacao_ibfk_3` FOREIGN KEY (`fk_id_submissao`) REFERENCES `submissao` (`id_submissao`);



 CREATE TABLE formulario( 
  id_formulario int(11) NOT NULL, 
  fk_id_avaliacao int(11) NOT NULL, 
  o_tema_e_relevante int (2) NOT NULL, 
  o_tema_e_atual int (2) NOT NULL, 
  a_obra_comunica_pesquisa_original int (2) NOT NULL, 
  a_pesquisa_e_predominantemente_qualitativa int (2) NOT NULL, 
  a_pesquisa_e_predominantemente_quantitativa int (2) NOT NULL, 
  a_pesquisa_apresenta_rigor_cientifico int (2) NOT NULL, 
  a_abordagem_do_tema_e_inovadora int (2) NOT NULL, 
  o_titulo_e_adequado int (2) NOT NULL, 
  a_escrita_e_clara_e_objetiva int (2) NOT NULL, 
  as_ilustracoes_estao_bem_preparadas int (2) NOT NULL, 
  biblio_e_representativa_dos_estudos_relevantes_sobre_o_tema int (2) NOT NULL, 
  biblio_utilizada_e_atual int (2) NOT NULL, 
  obras_semelhantes_nos_ultimos_cinco_anos int (2) NOT NULL, 
  comente_os_aspectos_positivos varchar(500), 
  comente_os_aspectos_negativos varchar(500), 
  parecer int (2) NOT NULL 
)ENGINE=InnoDB DEFAULT CHARSET=latin1; 
 
ALTER TABLE formulario 
  ADD PRIMARY KEY (id_formulario), 
  ADD KEY fk_id_avaliacao (fk_id_avaliacao); 

  

/*!40101 SET CHARACTER_SET_CLIENT=@OLD_CHARACTER_SET_CLIENT */;
/*!40101 SET CHARACTER_SET_RESULTS=@OLD_CHARACTER_SET_RESULTS */;
/*!40101 SET COLLATION_CONNECTION=@OLD_COLLATION_CONNECTION */;
